Artist,Title,Track ID,,https://www.nts.live/shows/circadian-rhythms/episodes/circadian-rhythms-w-last-japan-blackwax-2nd-august-2018
L-Vis 1990 feat. Urse Skurse Malurse ( TRG mix ),United Groove (TRG Remix),spotify:track:5bMLxawjfOeZmFX8hzm8bt,,
Rudeboyz ,Get Down,spotify:track:2Owa6AWgESpwiSE2ulupbE,,
Lil Silva ,Pulse Vs Flex,spotify:track:6jO4DZjCJcPEouFKN0FQtd,,
Sami Baha,Discreet (Feat Dimzy),spotify:track:5XY5AQGbImphGlfbPQBuYd,,
Popcaan ,Wine For Me,spotify:track:6swxdQYLEXQ0T7nTndPVSw,,
Rusko ,Cockney Thug,spotify:track:30pkhGQDwnUF1ygA2tvZxK,,
Eva808 ,Shakti,spotify:track:1h0DUlpDLfsHZOzx0SRS6b,,
Andy Stott ,Damage,spotify:track:5888xT1dz08faGSgONXipQ,,
Glacci ,Firebrick,spotify:track:26Wfuc35ha6ALZ89WL7KyP,,
Lloyd SB ,Princess Anna,spotify:track:0fZSCEshOcDJ5izITBeiLk,,
Prayer ,I'm Still Here,spotify:track:37i39Tp3R2NZvYFX3hxcjA,,